<?xml version='1.0' encoding='utf-8'?>
<!DOCTYPE hibernate-configuration PUBLIC
        "-//Hibernate/Hibernate Configuration DTD//EN"
        "http://www.hibernate.org/dtd/hibernate-configuration-3.0.dtd">
<hibernate-configuration>
    <session-factory>
        <property name="connection.url">jdbc:mysql://localhost:3306/test</property>
        <property name="connection.driver_class">com.mysql.jdbc.Driver</property>
        <property name="connection.username">testUser</property>
        <property name="connection.password">testPassword</property>
        <property name="hibernate.dialect">org.hibernate.dialect.MySQL5Dialect</property>

        <!-- DB schema will be updated if needed -->
        <property name="hibernate.hbm2ddl.auto">update</property>
    </session-factory>
</hibernate-configuration>